{
  "cicd-pipeline-design": {
    "x": 308.9344716909433,
    "y": 280.40022037829937
  },
  "cloudflare-workers-guide": {
    "x": 361.8345317346093,
    "y": 239.8663913577205
  },
  "csp-nonce-and-sri": {
    "x": 410.351630165465,
    "y": 174.48444584022147
  },
  "digital-garden-force-layout": {
    "x": 306.2097182045034,
    "y": 144.31512389889045
  },
  "docker-deploy-guide": {
    "x": 422.8014268953536,
    "y": 331.8052337141745
  },
  "git-hooks-github-actions": {
    "x": 343.0804521375736,
    "y": 349.3378468447512
  },
  "go-cli-tool": {
    "x": 261.95763265512664,
    "y": 227.60316767779057
  },
  "linux-server-troubleshooting": {
    "x": 343.2745445923444,
    "y": 304.7610784860021
  },
  "mdx-remark-pipeline": {
    "x": 373.85394832836266,
    "y": 93.88069844626443
  },
  "nextjs-app-router": {
    "x": 278.41381845158855,
    "y": 187.03949095969426
  },
  "nextjs-view-transitions": {
    "x": 234.84175757910486,
    "y": 125.6708280420951
  },
  "nginx-reverse-proxy": {
    "x": 465.65736443966523,
    "y": 251.6429340552577
  },
  "postgresql-performance": {
    "x": 241.3652549210065,
    "y": 292.6195339690148
  },
  "react-compiler-in-practice": {
    "x": 306.77305015653235,
    "y": 66.27827100292598
  },
  "redis-caching-strategies": {
    "x": 193.97944623615427,
    "y": 187.6281234510602
  },
  "supabase-practical-guide": {
    "x": 177.07431821767585,
    "y": 254.86711524020106
  },
  "turbopack-fs-cache-dx": {
    "x": 350.17284619299414,
    "y": 194.81377152225627
  },
  "typescript-advanced-types": {
    "x": 267.3126874746504,
    "y": 103.77660125427786
  },
  "vps-initial-setup": {
    "x": 400.42474140544243,
    "y": 256.9084623501627
  },
  "web-performance-optimization": {
    "x": 351.6668274011657,
    "y": 132.2738328639525
  }
}
